CustomerID,本次购买日期,距今天数
12350.0,2011-02-02,310
12353.0,2011-05-19,204
12354.0,2011-04-21,232
12355.0,2011-05-09,214
12361.0,2011-02-25,287
12363.0,2011-08-22,109
12365.0,2011-02-21,291
12373.0,2011-02-01,311
12377.0,2011-01-28,315
12378.0,2011-08-02,129
12383.0,2011-06-08,184
12386.0,2011-01-06,337
12399.0,2011-08-12,119
12401.0,2011-02-09,303
12402.0,2011-01-20,323
12405.0,2011-07-14,148
12410.0,2011-02-04,308
12414.0,2011-05-06,217
12418.0,2011-08-19,112
12422.0,2011-09-05,95
12424.0,2011-06-30,162
12426.0,2011-05-29,194
12436.0,2011-09-01,99
12441.0,2010-12-08,366
12447.0,2011-04-10,243
12450.0,2011-07-06,156
12453.0,2011-07-28,134
12461.0,2011-09-06,94
12468.0,2011-06-05,187
12489.0,2011-01-07,336
12493.0,2011-06-27,165
12501.0,2011-01-07,336
12502.0,2011-09-05,95
12506.0,2011-04-21,232
12507.0,2011-07-28,134
12509.0,2011-02-28,284
12510.0,2011-07-20,142
12513.0,2011-08-19,112
12514.0,2011-03-17,267
12515.0,2010-12-21,353
12521.0,2011-07-20,142
12534.0,2011-08-01,130
12535.0,2011-09-09,91
12547.0,2011-05-26,197
12548.0,2011-06-26,166
12551.0,2010-12-17,357
12559.0,2011-02-02,310
12561.0,2011-02-10,302
12564.0,2011-03-23,261
12565.0,2011-02-24,288
12573.0,2011-04-26,227
12574.0,2011-01-28,315
12580.0,2011-04-07,246
12582.0,2011-04-15,238
12585.0,2011-04-19,234
12590.0,2011-05-12,211
12591.0,2011-01-26,317
12592.0,2011-09-08,92
12593.0,2011-08-23,108
12601.0,2011-06-03,189
12614.0,2011-03-07,277
12616.0,2011-09-05,95
12622.0,2011-04-21,232
12623.0,2011-03-08,276
12624.0,2011-08-25,106
12625.0,2011-05-12,211
12639.0,2011-04-15,238
12641.0,2011-08-16,115
12643.0,2011-08-03,128
12644.0,2011-08-02,129
12648.0,2011-07-08,154
12649.0,2011-08-24,107
12651.0,2011-01-09,334
12652.0,2011-01-12,331
12653.0,2011-07-14,148
12665.0,2011-01-19,324
12669.0,2011-07-12,150
12672.0,2011-01-14,329
12686.0,2010-12-03,371
12688.0,2011-08-18,113
12690.0,2011-05-18,205
12693.0,2011-08-04,127
12707.0,2011-02-21,291
12710.0,2011-09-04,96
12715.0,2011-08-25,106
12717.0,2011-07-11,151
12725.0,2010-12-03,371
12729.0,2011-08-18,113
12732.0,2011-06-13,179
12733.0,2011-04-19,234
12734.0,2010-12-22,352
12735.0,2011-01-28,315
12736.0,2011-01-11,332
12738.0,2010-12-02,372
12743.0,2011-07-28,134
12750.0,2011-08-03,128
12754.0,2011-04-18,235
12755.0,2011-03-04,280
12758.0,2011-08-15,116
12763.0,2011-07-24,138
12764.0,2011-01-27,316
12769.0,2011-04-15,238
12770.0,2011-05-13,210
12785.0,2010-12-10,364
12790.0,2011-05-31,192
12791.0,2010-12-01,373
12792.0,2011-03-28,256
12793.0,2011-01-09,334
12797.0,2010-12-09,365
12802.0,2011-06-06,186
12809.0,2011-06-15,177
12811.0,2011-03-24,260
12814.0,2011-08-30,101
12815.0,2011-07-15,147
12816.0,2011-09-05,95
12817.0,2011-03-03,281
12818.0,2011-03-23,261
12821.0,2011-05-09,214
12829.0,2011-01-07,336
12831.0,2011-03-22,262
12833.0,2011-07-17,145
12834.0,2011-03-02,282
12837.0,2011-06-19,173
12840.0,2011-07-19,143
12845.0,2011-03-17,267
12851.0,2011-09-04,96
12852.0,2011-02-18,294
12853.0,2011-07-28,134
12855.0,2010-12-02,372
12857.0,2011-05-13,210
12864.0,2011-07-24,138
12866.0,2011-03-01,283
12868.0,2011-06-07,185
12872.0,2011-01-17,326
12873.0,2011-03-02,282
12875.0,2011-07-19,143
12878.0,2011-04-17,236
12881.0,2011-03-09,275
12888.0,2011-05-09,214
12891.0,2011-06-07,185
12897.0,2011-05-19,204
12902.0,2011-03-20,264
12908.0,2011-06-16,176
12915.0,2011-07-14,148
12916.0,2011-07-24,138
12917.0,2011-08-03,128
12922.0,2011-07-01,161
12929.0,2011-02-01,311
12942.0,2011-07-31,131
12945.0,2011-02-24,288
12947.0,2011-07-19,143
12956.0,2011-02-06,306
12967.0,2010-12-16,358
12968.0,2011-08-19,112
12974.0,2011-05-26,197
12976.0,2011-05-12,211
12977.0,2011-07-06,156
12980.0,2011-07-05,157
12982.0,2011-04-11,242
12988.0,2011-02-20,292
12999.0,2011-05-27,196
13000.0,2011-08-25,106
13002.0,2011-01-25,318
13003.0,2011-08-26,105
13005.0,2011-06-19,173
13008.0,2011-01-20,323
13011.0,2010-12-02,372
13027.0,2011-08-18,113
13033.0,2010-12-17,357
13037.0,2011-07-24,138
13043.0,2011-03-11,273
13044.0,2011-02-21,291
13045.0,2011-09-01,99
13052.0,2011-05-11,212
13059.0,2011-04-04,249
13060.0,2011-03-31,253
13062.0,2011-06-01,191
13065.0,2010-12-01,373
13070.0,2011-05-31,192
13072.0,2011-03-18,266
13075.0,2011-08-02,129
13080.0,2011-06-13,179
13082.0,2011-08-05,126
13085.0,2011-07-05,157
13093.0,2011-03-09,275
13099.0,2011-09-01,99
13101.0,2011-04-19,234
13106.0,2011-07-29,133
13108.0,2010-12-02,372
13116.0,2011-07-24,138
13120.0,2011-04-15,238
13121.0,2011-03-15,269
13122.0,2011-09-06,94
13130.0,2011-09-06,94
13132.0,2011-03-23,261
13133.0,2011-03-11,273
13135.0,2011-05-27,196
13140.0,2011-08-23,108
13144.0,2011-01-11,332
13151.0,2011-02-17,295
13158.0,2011-09-06,94
13161.0,2011-01-30,313
13162.0,2011-08-09,122
13166.0,2011-03-01,283
13185.0,2011-03-17,267
13187.0,2011-01-06,337
13192.0,2011-09-05,95
13194.0,2011-07-27,135
13210.0,2011-09-07,93
13216.0,2011-03-17,267
13217.0,2011-08-09,122
13218.0,2011-08-04,127
13221.0,2011-04-13,240
13223.0,2011-05-23,200
13226.0,2011-03-11,273
13227.0,2011-05-22,201
13229.0,2011-04-28,225
13235.0,2011-05-11,212
13239.0,2011-03-23,261
13240.0,2011-09-04,96
13242.0,2011-08-19,112
13243.0,2011-05-20,203
13244.0,2011-09-08,92
13248.0,2011-08-07,124
13249.0,2011-09-08,92
13253.0,2011-07-06,156
13261.0,2011-03-16,268
13262.0,2011-03-21,263
13270.0,2010-12-08,366
13273.0,2011-08-18,113
13280.0,2011-08-09,122
13284.0,2011-01-13,330
13291.0,2011-07-07,155
13294.0,2011-06-03,189
13295.0,2010-12-15,359
13296.0,2011-07-25,137
13299.0,2011-03-16,268
13300.0,2011-06-23,169
13301.0,2011-08-28,103
13302.0,2011-07-07,155
13304.0,2010-12-23,351
13307.0,2011-08-11,120
13328.0,2011-01-27,316
13330.0,2011-09-08,92
13338.0,2011-07-05,157
13339.0,2011-05-23,200
13341.0,2011-03-24,260
13343.0,2011-06-15,177
13345.0,2011-02-25,287
13355.0,2011-08-09,122
13357.0,2011-03-27,257
13358.0,2011-03-16,268
13368.0,2011-03-28,256
13369.0,2010-12-09,365
13370.0,2010-12-03,371
13376.0,2011-09-01,99
13382.0,2011-03-04,280
13385.0,2011-01-14,329
13388.0,2011-07-31,131
13391.0,2011-05-20,203
13395.0,2011-06-07,185
13398.0,2011-05-31,192
13402.0,2011-08-04,127
13411.0,2011-08-24,107
13414.0,2011-07-29,133
13420.0,2011-07-13,149
13425.0,2011-08-23,108
13439.0,2011-03-29,255
13441.0,2011-09-09,91
13452.0,2011-03-25,259
13453.0,2011-06-27,165
13462.0,2011-04-01,252
13466.0,2011-06-08,184
13470.0,2011-09-01,99
13474.0,2011-04-17,236
13475.0,2011-06-01,191
13476.0,2011-06-14,178
13479.0,2011-05-23,200
13482.0,2011-04-21,232
13484.0,2011-04-12,241
13485.0,2011-04-20,233
13489.0,2011-08-26,105
13492.0,2011-07-26,136
13493.0,2011-03-09,275
13494.0,2011-02-01,311
13497.0,2011-03-02,282
13501.0,2011-02-24,288
13506.0,2011-01-27,316
13508.0,2011-04-10,243
13512.0,2011-03-24,260
13513.0,2011-08-05,126
13531.0,2011-05-18,205
13533.0,2011-06-10,182
13548.0,2011-09-04,96
13551.0,2011-01-24,319
13561.0,2011-05-08,215
13564.0,2011-07-18,144
13568.0,2011-06-19,173
13570.0,2011-04-10,243
13572.0,2011-05-18,205
13581.0,2011-02-03,309
13583.0,2011-07-07,155
13584.0,2011-02-06,306
13593.0,2011-08-23,108
13600.0,2011-01-31,312
13615.0,2011-01-25,318
13618.0,2011-06-19,173
13621.0,2011-08-15,116
13626.0,2011-04-01,252
13631.0,2011-09-01,99
13642.0,2011-05-08,215
13645.0,2011-08-11,120
13649.0,2011-03-28,256
13655.0,2011-08-17,114
13656.0,2011-06-28,164
13659.0,2011-05-18,205
13663.0,2011-06-13,179
13667.0,2011-07-13,149
13672.0,2011-02-11,301
13675.0,2011-07-11,151
13678.0,2011-07-11,151
13682.0,2011-06-05,187
13684.0,2011-02-27,285
13686.0,2011-06-10,182
13699.0,2011-07-07,155
13703.0,2011-01-25,318
13706.0,2011-02-10,302
13707.0,2011-03-17,267
13708.0,2011-03-13,271
13711.0,2011-05-05,218
13712.0,2011-04-07,246
13715.0,2011-03-03,281
13716.0,2011-03-15,269
13718.0,2011-04-07,246
13720.0,2011-08-15,116
13722.0,2011-07-31,131
13723.0,2011-05-06,217
13730.0,2011-07-27,135
13731.0,2011-05-04,219
13737.0,2011-05-23,200
13740.0,2011-04-13,240
13744.0,2011-09-05,95
13745.0,2011-06-30,162
13747.0,2010-12-01,373
13748.0,2011-09-05,95
13751.0,2011-02-24,288
13752.0,2011-08-07,124
13753.0,2011-02-25,287
13754.0,2011-07-11,151
13762.0,2011-05-05,218
13778.0,2011-08-28,103
13781.0,2011-04-03,250
13786.0,2010-12-07,367
13791.0,2011-08-04,127
13799.0,2011-08-15,116
13800.0,2011-02-03,309
13802.0,2011-07-24,138
13803.0,2011-03-29,255
13807.0,2010-12-07,367
13809.0,2011-02-07,305
13811.0,2011-06-09,183
13814.0,2011-09-08,92
13819.0,2011-02-11,301
13821.0,2011-07-18,144
13826.0,2011-06-16,176
13833.0,2011-07-03,159
13837.0,2011-05-12,211
13841.0,2011-04-01,252
13848.0,2011-09-08,92
13850.0,2011-08-02,129
13851.0,2011-09-05,95
13856.0,2011-06-24,168
13859.0,2011-01-17,326
13863.0,2011-04-06,247
13869.0,2011-08-08,123
13873.0,2011-08-12,119
13874.0,2010-12-16,358
13885.0,2011-06-03,189
13887.0,2011-05-19,204
13888.0,2011-08-12,119
13889.0,2011-09-08,92
13893.0,2011-02-15,297
13898.0,2011-01-18,325
13900.0,2011-06-09,183
13922.0,2010-12-23,351
13925.0,2011-09-08,92
13929.0,2011-06-23,169
13931.0,2011-09-05,95
13932.0,2011-02-18,294
13933.0,2011-08-22,109
13934.0,2011-03-21,263
13936.0,2011-06-13,179
13937.0,2011-06-23,169
13948.0,2010-12-14,360
13951.0,2011-06-16,176
13952.0,2011-05-06,217
13955.0,2011-07-08,154
13963.0,2011-02-04,308
13967.0,2011-07-17,145
13973.0,2011-02-25,287
13976.0,2011-05-17,206
13990.0,2011-05-10,213
14000.0,2011-05-12,211
14002.0,2011-07-28,134
14006.0,2011-08-16,115
14009.0,2011-05-25,198
14012.0,2011-03-07,277
14013.0,2011-08-21,110
14016.0,2011-07-01,161
14021.0,2011-07-07,155
14022.0,2011-04-28,225
14024.0,2011-08-10,121
14036.0,2011-02-28,284
14037.0,2011-06-16,176
14041.0,2011-03-18,266
14045.0,2011-08-22,109
14046.0,2011-02-28,284
14048.0,2011-02-07,305
14053.0,2011-08-07,124
14055.0,2011-08-25,106
14059.0,2011-03-18,266
14066.0,2011-03-18,266
14068.0,2011-01-23,320
14076.0,2011-08-02,129
14078.0,2011-08-30,101
14079.0,2011-08-07,124
14081.0,2011-02-10,302
14082.0,2010-12-10,364
14090.0,2011-01-19,324
14100.0,2011-07-25,137
14104.0,2011-07-08,154
14105.0,2011-04-14,239
14114.0,2011-03-11,273
14117.0,2011-07-19,143
14127.0,2011-08-09,122
14130.0,2011-01-24,319
14133.0,2011-08-02,129
14142.0,2010-12-01,373
14143.0,2011-07-29,133
14148.0,2011-04-20,233
14149.0,2011-05-03,220
14154.0,2011-04-14,239
14155.0,2011-03-18,266
14161.0,2011-05-08,215
14162.0,2011-06-19,173
14165.0,2011-03-09,275
14171.0,2011-09-02,98
14176.0,2011-02-15,297
14185.0,2011-01-12,331
14195.0,2011-05-22,201
14196.0,2011-08-25,106
14199.0,2011-05-05,218
14206.0,2011-04-14,239
14208.0,2011-09-06,94
14210.0,2011-08-26,105
14220.0,2011-04-06,247
14222.0,2011-06-15,177
14223.0,2011-09-08,92
14224.0,2011-08-21,110
14231.0,2011-06-09,183
14237.0,2010-12-01,373
14238.0,2011-01-17,326
14241.0,2011-06-09,183
14242.0,2011-04-19,234
14245.0,2011-05-04,219
14246.0,2011-08-21,110
14247.0,2011-03-06,278
14248.0,2011-01-25,318
14256.0,2011-03-24,260
14259.0,2011-07-21,141
14264.0,2011-07-08,154
14265.0,2011-08-22,109
14267.0,2011-06-30,162
14270.0,2011-01-12,331
14271.0,2011-04-28,225
14276.0,2011-09-02,98
14280.0,2011-05-27,196
14288.0,2011-05-10,213
14301.0,2011-08-14,117
14304.0,2011-05-01,222
14311.0,2011-04-11,242
14314.0,2011-08-25,106
14320.0,2011-05-17,206
14323.0,2011-08-17,114
14326.0,2011-04-11,242
14327.0,2011-06-29,163
14331.0,2011-08-07,124
14338.0,2011-07-01,161
14339.0,2011-04-11,242
14340.0,2011-05-05,218
14344.0,2011-08-04,127
14346.0,2011-08-11,120
14348.0,2011-03-24,260
14350.0,2011-03-10,274
14351.0,2011-06-28,164
14352.0,2011-07-05,157
14353.0,2011-05-08,215
14355.0,2010-12-09,365
14364.0,2011-08-23,108
14368.0,2011-01-24,319
14371.0,2011-02-17,295
14373.0,2010-12-16,358
14375.0,2011-06-07,185
14377.0,2011-06-01,191
14386.0,2011-02-16,296
14393.0,2011-05-05,218
14400.0,2011-07-13,149
14403.0,2011-08-01,130
14406.0,2011-08-12,119
14407.0,2011-08-24,107
14410.0,2011-09-08,92
14411.0,2011-02-02,310
14413.0,2010-12-12,362
14414.0,2011-09-09,91
14420.0,2011-09-01,99
14423.0,2011-05-05,218
14431.0,2011-02-10,302
14436.0,2011-09-02,98
14437.0,2010-12-09,365
14438.0,2011-02-06,306
14439.0,2011-01-24,319
14442.0,2011-05-19,204
14450.0,2011-06-12,180
14453.0,2011-06-02,190
14457.0,2011-02-02,310
14459.0,2011-07-07,155
14460.0,2011-08-21,110
14461.0,2011-07-14,148
14463.0,2011-09-02,98
14465.0,2011-04-07,246
14472.0,2011-08-28,103
14476.0,2011-03-27,257
14479.0,2011-03-31,253
14481.0,2011-06-28,164
14483.0,2011-03-03,281
14489.0,2011-05-16,207
14491.0,2011-06-17,175
14496.0,2011-02-01,311
14497.0,2011-02-03,309
14501.0,2011-06-09,183
14512.0,2011-06-05,187
14513.0,2011-08-31,100
14523.0,2011-08-23,108
14532.0,2011-04-17,236
14536.0,2011-03-25,259
14542.0,2011-06-07,185
14548.0,2011-07-12,150
14549.0,2011-02-01,311
14552.0,2011-07-11,151
14565.0,2011-09-05,95
14566.0,2011-08-21,110
14570.0,2011-03-04,280
14573.0,2011-06-13,179
14576.0,2010-12-02,372
14584.0,2011-06-23,169
14586.0,2011-03-08,276
14589.0,2010-12-03,371
14600.0,2011-02-07,305
14603.0,2011-03-10,274
14616.0,2011-04-11,242
14619.0,2011-04-08,245
14620.0,2011-05-18,205
14622.0,2011-06-08,184
14625.0,2011-05-27,196
14628.0,2011-09-09,91
14632.0,2011-03-22,262
14633.0,2011-03-18,266
14643.0,2011-06-22,170
14645.0,2011-07-06,156
14647.0,2011-05-22,201
14656.0,2011-06-23,169
14669.0,2011-04-12,241
14670.0,2011-03-04,280
14672.0,2011-04-19,234
14682.0,2011-06-05,187
14687.0,2011-08-25,106
14689.0,2011-05-15,208
14692.0,2011-07-25,137
14693.0,2011-03-20,264
14697.0,2011-05-05,218
14699.0,2011-05-09,214
14705.0,2011-05-25,198
14722.0,2011-07-15,147
14727.0,2011-03-10,274
14729.0,2010-12-01,373
14740.0,2011-05-26,197
14745.0,2011-08-19,112
14747.0,2011-04-04,249
14758.0,2011-07-18,144
14760.0,2011-02-15,297
14762.0,2011-03-21,263
14770.0,2011-04-21,232
14772.0,2011-08-19,112
14778.0,2011-08-04,127
14779.0,2011-03-04,280
14782.0,2011-01-24,319
14795.0,2011-06-26,166
14803.0,2011-06-30,162
14813.0,2010-12-05,369
14816.0,2011-05-26,197
14817.0,2011-05-23,200
14821.0,2010-12-08,366
14823.0,2011-06-12,180
14828.0,2011-05-27,196
14840.0,2011-03-17,267
14847.0,2011-07-14,148
14850.0,2011-02-01,311
14855.0,2011-08-12,119
14867.0,2011-06-07,185
14870.0,2011-03-23,261
14873.0,2011-05-13,210
14875.0,2011-08-24,107
14885.0,2011-07-31,131
14886.0,2011-04-01,252
14888.0,2011-05-16,207
14889.0,2011-01-07,336
14890.0,2011-03-31,253
14891.0,2011-07-14,148
14896.0,2011-05-19,204
14905.0,2011-07-05,157
14915.0,2011-09-09,91
14918.0,2011-08-16,115
14920.0,2011-05-11,212
14924.0,2011-04-08,245
14930.0,2011-08-23,108
14932.0,2010-12-09,365
14935.0,2011-02-15,297
14957.0,2011-03-31,253
14958.0,2011-07-15,147
14962.0,2011-03-14,270
14964.0,2011-04-06,247
14965.0,2011-09-04,96
14972.0,2011-08-03,128
14973.0,2011-08-24,107
14981.0,2011-04-07,246
14985.0,2011-05-25,198
14988.0,2011-05-12,211
14998.0,2011-06-22,170
15002.0,2011-08-16,115
15004.0,2011-07-15,147
15007.0,2011-07-03,159
15016.0,2011-06-20,172
15019.0,2011-03-18,266
15032.0,2011-03-28,256
15041.0,2011-06-22,170
15042.0,2011-05-24,199
15045.0,2011-07-11,151
15047.0,2011-03-15,269
15049.0,2011-03-11,273
15052.0,2011-01-24,319
15057.0,2011-03-09,275
15063.0,2011-05-10,213
15069.0,2011-06-13,179
15070.0,2010-12-02,372
15071.0,2011-09-07,93
15074.0,2011-08-26,105
15076.0,2011-06-20,172
15079.0,2011-05-11,212
15083.0,2011-03-28,256
15087.0,2011-03-03,281
15090.0,2011-02-04,308
15092.0,2011-05-08,215
15095.0,2011-08-28,103
15098.0,2011-06-10,182
15100.0,2011-01-10,333
15104.0,2011-05-27,196
15107.0,2011-02-01,311
15108.0,2011-07-21,141
15109.0,2011-04-08,245
15118.0,2011-07-28,134
15119.0,2011-04-08,245
15120.0,2011-07-29,133
15122.0,2011-08-17,114
15130.0,2011-06-23,169
15133.0,2011-08-04,127
15135.0,2011-04-14,239
15139.0,2011-04-14,239
15143.0,2011-04-28,225
15146.0,2011-06-28,164
15147.0,2011-04-13,240
15149.0,2011-07-29,133
15160.0,2010-12-17,357
15165.0,2010-12-01,373
15167.0,2011-01-23,320
15171.0,2011-01-12,331
15174.0,2011-01-21,322
15178.0,2011-03-24,260
15180.0,2010-12-07,367
15182.0,2011-07-08,154
15192.0,2011-08-12,119
15198.0,2011-09-08,92
15204.0,2010-12-17,357
15210.0,2011-04-28,225
15212.0,2011-04-12,241
15213.0,2011-01-25,318
15219.0,2011-06-16,176
15221.0,2010-12-08,366
15222.0,2011-01-25,318
15223.0,2011-04-28,225
15224.0,2010-12-16,358
15225.0,2011-04-19,234
15226.0,2011-02-02,310
15230.0,2011-04-14,239
15232.0,2011-08-18,113
15234.0,2011-03-08,276
15235.0,2011-05-06,217
15236.0,2011-02-14,298
15245.0,2011-07-28,134
15246.0,2011-04-15,238
15247.0,2011-08-09,122
15254.0,2011-08-04,127
15256.0,2011-07-14,148
15257.0,2011-03-01,283
15258.0,2011-06-24,168
15260.0,2011-08-31,100
15261.0,2011-07-27,135
15262.0,2011-01-20,323
15263.0,2011-08-25,106
15265.0,2011-07-11,151
15266.0,2011-01-05,338
15279.0,2010-12-20,354
15280.0,2011-06-20,172
15292.0,2011-05-22,201
15303.0,2011-02-22,290
15307.0,2011-09-05,95
15308.0,2011-03-10,274
15313.0,2011-08-21,110
15314.0,2011-05-24,199
15316.0,2011-01-17,326
15319.0,2011-03-01,283
15325.0,2011-08-28,103
15326.0,2011-01-10,333
15332.0,2010-12-08,366
15333.0,2011-05-15,208
15334.0,2011-07-06,156
15342.0,2011-08-02,129
15346.0,2011-01-11,332
15347.0,2010-12-08,366
15349.0,2011-07-04,158
15350.0,2010-12-01,373
15353.0,2011-03-30,254
15361.0,2010-12-13,361
15363.0,2010-12-02,372
15364.0,2011-09-05,95
15372.0,2011-07-25,137
15374.0,2011-08-03,128
15379.0,2011-06-23,169
15381.0,2011-05-10,213
15384.0,2011-06-23,169
15386.0,2011-06-06,186
15388.0,2011-03-14,270
15389.0,2011-06-20,172
15395.0,2011-01-18,325
15396.0,2011-08-19,112
15397.0,2011-02-23,289
15400.0,2011-09-08,92
15402.0,2011-07-14,148
15405.0,2011-06-03,189
15408.0,2011-03-20,264
15412.0,2011-06-21,171
15415.0,2011-01-30,313
15422.0,2011-01-20,323
15424.0,2011-03-30,254
15433.0,2011-05-10,213
15437.0,2011-03-22,262
15438.0,2011-07-31,131
15442.0,2011-04-05,248
15445.0,2011-03-20,264
15447.0,2011-01-13,330
15448.0,2011-01-31,312
15454.0,2010-12-12,362
15456.0,2011-03-01,283
15457.0,2011-03-22,262
15460.0,2010-12-20,354
15462.0,2011-09-06,94
15464.0,2011-01-05,338
15472.0,2011-08-18,113
15480.0,2011-08-15,116
15483.0,2011-07-01,161
15488.0,2011-09-08,92
15491.0,2011-09-05,95
15503.0,2010-12-12,362
15507.0,2011-06-21,171
15508.0,2011-06-03,189
15510.0,2011-01-13,330
15512.0,2011-07-07,155
15517.0,2011-04-20,233
15528.0,2011-03-30,254
15535.0,2011-06-19,173
15537.0,2011-06-29,163
15541.0,2011-08-17,114
15543.0,2011-02-24,288
15552.0,2011-05-06,217
15554.0,2011-03-07,277
15562.0,2010-12-23,351
15569.0,2011-08-28,103
15574.0,2011-06-15,177
15577.0,2011-07-11,151
15578.0,2011-06-30,162
15581.0,2011-08-11,120
15585.0,2011-06-16,176
15589.0,2011-03-29,255
15596.0,2011-08-31,100
15607.0,2011-01-07,336
15609.0,2011-06-08,184
15623.0,2011-07-21,141
15624.0,2011-08-15,116
15625.0,2011-08-28,103
15639.0,2011-07-28,134
15641.0,2011-08-26,105
15643.0,2011-06-01,191
15644.0,2011-06-26,166
15646.0,2011-07-05,157
15648.0,2011-05-19,204
15649.0,2011-01-07,336
15652.0,2011-09-09,91
15653.0,2011-09-08,92
15655.0,2011-04-10,243
15658.0,2011-06-02,190
15661.0,2011-01-26,317
15663.0,2011-08-25,106
15665.0,2011-06-24,168
15668.0,2011-05-06,217
15670.0,2011-02-16,296
15683.0,2011-08-14,117
15689.0,2011-08-12,119
15691.0,2011-04-01,252
15695.0,2011-03-18,266
15700.0,2011-06-20,172
15703.0,2011-03-20,264
15704.0,2011-07-22,140
15705.0,2011-05-22,201
15709.0,2011-03-01,283
15713.0,2011-07-19,143
15716.0,2011-07-17,145
15717.0,2011-04-19,234
15723.0,2010-12-10,364
15724.0,2011-05-22,201
15729.0,2011-05-11,212
15732.0,2011-05-11,212
15733.0,2011-03-02,282
15734.0,2011-08-17,114
15746.0,2011-07-28,134
15749.0,2011-04-18,235
15753.0,2011-02-08,304
15759.0,2011-05-05,218
15768.0,2011-08-16,115
15775.0,2011-04-08,245
15776.0,2011-07-29,133
15777.0,2011-04-12,241
15780.0,2011-06-09,183
15789.0,2010-12-16,358
15795.0,2011-07-13,149
15797.0,2011-08-18,113
15800.0,2011-08-24,107
15802.0,2011-07-20,142
15808.0,2011-02-06,306
15812.0,2011-08-24,107
15813.0,2011-05-16,207
15820.0,2011-01-24,319
15823.0,2010-12-02,372
15825.0,2011-06-20,172
15829.0,2011-09-01,99
15832.0,2011-03-30,254
15843.0,2011-02-09,303
15852.0,2011-06-06,186
15855.0,2011-07-26,136
15866.0,2011-08-30,101
15869.0,2011-03-07,277
15880.0,2010-12-05,369
15881.0,2011-01-31,312
15882.0,2011-05-25,198
15885.0,2011-09-08,92
15889.0,2011-07-06,156
15891.0,2011-04-27,226
15894.0,2011-03-31,253
15895.0,2011-07-13,149
15897.0,2011-05-29,194
15899.0,2010-12-06,368
15909.0,2011-06-19,173
15912.0,2011-06-14,178
15917.0,2011-04-06,247
15918.0,2011-06-02,190
15920.0,2011-07-08,154
15921.0,2011-06-20,172
15922.0,2010-12-01,373
15923.0,2010-12-02,372
15925.0,2011-05-29,194
15935.0,2011-04-14,239
15938.0,2011-08-19,112
15940.0,2011-02-01,311
15942.0,2011-07-29,133
15944.0,2011-03-08,276
15945.0,2010-12-09,365
15970.0,2011-02-09,303
15973.0,2010-12-08,366
15976.0,2011-06-27,165
15985.0,2011-08-08,123
16006.0,2011-05-12,211
16010.0,2011-04-08,245
16022.0,2011-03-24,260
16027.0,2011-09-09,91
16030.0,2011-02-03,309
16031.0,2011-09-08,92
16034.0,2011-05-27,196
16037.0,2011-03-15,269
16045.0,2011-08-12,119
16048.0,2010-12-01,373
16050.0,2011-06-19,173
16054.0,2011-07-17,145
16055.0,2011-05-03,220
16063.0,2011-03-24,260
16065.0,2010-12-09,365
16072.0,2011-02-24,288
16073.0,2011-02-15,297
16078.0,2011-03-01,283
16083.0,2011-08-31,100
16084.0,2011-02-13,299
16091.0,2011-07-08,154
16092.0,2011-08-17,114
16093.0,2011-08-25,106
16096.0,2011-03-20,264
16097.0,2011-04-13,240
16105.0,2011-04-05,248
16109.0,2011-05-05,218
16112.0,2011-07-19,143
16113.0,2011-06-09,183
16114.0,2011-06-22,170
16116.0,2011-05-12,211
16117.0,2011-06-03,189
16124.0,2011-01-26,317
16125.0,2010-12-07,367
16135.0,2011-03-22,262
16142.0,2011-04-04,249
16144.0,2011-04-07,246
16146.0,2011-07-05,157
16147.0,2011-07-29,133
16148.0,2011-02-16,296
16152.0,2011-03-16,268
16159.0,2011-03-03,281
16162.0,2011-04-01,252
16163.0,2011-04-21,232
16172.0,2011-09-05,95
16174.0,2011-08-05,126
16175.0,2011-09-06,94
16178.0,2011-07-24,138
16180.0,2011-08-31,100
16193.0,2011-04-17,236
16202.0,2010-12-14,360
16214.0,2011-06-22,170
16216.0,2011-03-17,267
16217.0,2011-04-18,235
16222.0,2011-01-25,318
16226.0,2011-05-20,203
16227.0,2011-04-28,225
16230.0,2011-06-03,189
16244.0,2011-05-12,211
16247.0,2011-06-22,170
16250.0,2011-03-23,261
16256.0,2011-03-18,266
16257.0,2011-06-16,176
16270.0,2010-12-21,353
16272.0,2011-08-15,116
16274.0,2010-12-01,373
16275.0,2011-05-27,196
16276.0,2011-06-16,176
16278.0,2011-08-31,100
16282.0,2011-01-04,339
16287.0,2011-06-23,169
16292.0,2011-08-10,121
16297.0,2011-03-16,268
16302.0,2011-08-05,126
16305.0,2011-07-24,138
16306.0,2011-05-10,213
16309.0,2011-08-25,106
16315.0,2011-01-13,330
16317.0,2011-08-12,119
16319.0,2011-05-06,217
16320.0,2011-06-20,172
16323.0,2011-05-27,196
16324.0,2011-08-03,128
16338.0,2011-07-05,157
16339.0,2011-02-28,284
16340.0,2011-08-24,107
16344.0,2011-07-04,158
16349.0,2011-02-22,290
16351.0,2011-01-11,332
16356.0,2011-05-26,197
16377.0,2011-03-17,267
16378.0,2011-04-06,247
16387.0,2011-01-21,322
16392.0,2011-03-15,269
16398.0,2011-07-08,154
16400.0,2011-09-06,94
16402.0,2011-03-20,264
16403.0,2011-01-31,312
16405.0,2011-02-10,302
16419.0,2011-08-19,112
16424.0,2011-06-01,191
16425.0,2011-02-10,302
16427.0,2011-03-21,263
16429.0,2011-08-25,106
16431.0,2011-05-10,213
16446.0,2011-05-18,205
16447.0,2011-07-27,135
16448.0,2011-05-25,198
16449.0,2011-05-26,197
16450.0,2011-07-13,149
16456.0,2011-09-01,99
16457.0,2011-05-05,218
16461.0,2011-06-15,177
16471.0,2011-03-10,274
16473.0,2011-06-28,164
16483.0,2011-05-31,192
16484.0,2011-06-19,173
16494.0,2011-02-16,296
16498.0,2011-07-01,161
16499.0,2010-12-14,360
16503.0,2011-08-25,106
16509.0,2011-02-16,296
16510.0,2010-12-02,372
16517.0,2011-03-07,277
16520.0,2011-06-06,186
16526.0,2011-06-21,171
16529.0,2011-06-02,190
16536.0,2011-08-21,110
16545.0,2011-06-28,164
16546.0,2011-02-22,290
16550.0,2011-08-23,108
16551.0,2011-09-05,95
16552.0,2011-04-11,242
16553.0,2011-06-29,163
16565.0,2010-12-10,364
16567.0,2011-05-29,194
16572.0,2011-08-04,127
16581.0,2011-06-10,182
16582.0,2011-08-18,113
16583.0,2010-12-01,373
16586.0,2011-04-05,248
16587.0,2011-04-21,232
16598.0,2011-02-27,285
16610.0,2011-05-04,219
16611.0,2011-06-06,186
16614.0,2011-06-10,182
16617.0,2011-04-18,235
16619.0,2011-03-21,263
16623.0,2011-04-08,245
16625.0,2011-03-10,274
16634.0,2011-05-01,222
16641.0,2011-08-26,105
16643.0,2011-04-08,245
16644.0,2011-06-15,177
16647.0,2011-06-23,169
16654.0,2011-07-21,141
16658.0,2010-12-06,368
16659.0,2011-06-03,189
16665.0,2010-12-12,362
16679.0,2010-12-08,366
16692.0,2011-03-28,256
16696.0,2011-07-27,135
16697.0,2011-04-12,241
16698.0,2011-04-27,226
16714.0,2011-05-05,218
16716.0,2011-03-18,266
16718.0,2010-12-05,369
16721.0,2011-03-22,262
16723.0,2011-09-09,91
16725.0,2011-02-10,302
16727.0,2010-12-10,364
16738.0,2011-02-15,297
16739.0,2011-06-16,176
16752.0,2010-12-02,372
16754.0,2010-12-02,372
16755.0,2011-08-17,114
16756.0,2011-05-09,214
16757.0,2011-01-25,318
16761.0,2011-09-04,96
16763.0,2011-05-25,198
16765.0,2011-02-18,294
16766.0,2011-03-11,273
16769.0,2011-03-24,260
16780.0,2011-08-31,100
16781.0,2010-12-02,372
16788.0,2011-08-08,123
16792.0,2011-03-02,282
16795.0,2010-12-09,365
16801.0,2011-06-29,163
16805.0,2011-06-19,173
16806.0,2011-08-28,103
16807.0,2011-07-20,142
16808.0,2011-09-01,99
16810.0,2011-05-31,192
16812.0,2010-12-14,360
16816.0,2011-08-28,103
16820.0,2011-09-05,95
16823.0,2011-04-26,227
16828.0,2011-09-07,93
16829.0,2011-07-06,156
16832.0,2011-06-08,184
16834.0,2011-04-26,227
16835.0,2011-08-03,128
16838.0,2011-05-26,197
16842.0,2011-08-31,100
16849.0,2011-06-06,186
16850.0,2011-01-10,333
16858.0,2010-12-06,368
16859.0,2011-07-18,144
16866.0,2011-07-22,140
16883.0,2011-06-05,187
16889.0,2011-05-29,194
16893.0,2010-12-08,366
16897.0,2011-02-13,299
16902.0,2011-08-15,116
16913.0,2011-02-22,290
16917.0,2011-03-08,276
16919.0,2011-07-06,156
16926.0,2010-12-03,371
16927.0,2011-08-16,115
16943.0,2011-05-12,211
16947.0,2011-04-18,235
16948.0,2011-07-24,138
16951.0,2011-07-28,134
16952.0,2011-08-22,109
16955.0,2011-06-08,184
16957.0,2011-04-14,239
16961.0,2011-08-15,116
16963.0,2011-06-05,187
16965.0,2011-04-27,226
16967.0,2011-06-03,189
16976.0,2011-03-17,267
16980.0,2011-03-29,255
16990.0,2011-05-05,218
16997.0,2011-02-24,288
16998.0,2011-07-13,149
17026.0,2011-06-07,185
17029.0,2011-08-21,110
17035.0,2011-04-08,245
17040.0,2011-07-25,137
17045.0,2011-08-18,113
17046.0,2011-07-05,157
17048.0,2011-08-14,117
17050.0,2011-09-04,96
17051.0,2011-05-29,194
17053.0,2011-08-01,130
17060.0,2011-03-18,266
17062.0,2011-01-30,313
17070.0,2011-08-17,114
17083.0,2011-08-22,109
17085.0,2011-08-08,123
17094.0,2011-01-21,322
17102.0,2011-03-23,261
17105.0,2011-07-03,159
17110.0,2011-06-27,165
17117.0,2011-02-24,288
17118.0,2011-01-26,317
17120.0,2011-04-20,233
17122.0,2011-08-12,119
17123.0,2011-07-01,161
17124.0,2011-06-07,185
17126.0,2011-07-10,152
17128.0,2011-01-09,334
17134.0,2011-08-25,106
17138.0,2011-03-09,275
17140.0,2011-04-06,247
17142.0,2011-04-14,239
17146.0,2011-08-26,105
17152.0,2011-05-29,194
17165.0,2011-02-28,284
17171.0,2011-02-23,289
17174.0,2011-05-06,217
17176.0,2011-05-22,201
17179.0,2011-06-14,178
17187.0,2011-04-27,226
17189.0,2011-08-25,106
17194.0,2011-03-11,273
17204.0,2011-06-17,175
17212.0,2011-03-31,253
17217.0,2011-04-19,234
17223.0,2011-02-02,310
17226.0,2011-02-04,308
17229.0,2011-09-04,96
17230.0,2011-03-20,264
17234.0,2011-06-10,182
17239.0,2011-01-31,312
17242.0,2011-08-23,108
17245.0,2011-05-19,204
17248.0,2011-08-11,120
17251.0,2010-12-12,362
17252.0,2011-08-15,116
17256.0,2011-08-24,107
17259.0,2011-07-14,148
17263.0,2011-05-15,208
17265.0,2011-07-24,138
17267.0,2011-08-04,127
17268.0,2011-08-24,107
17277.0,2011-04-26,227
17278.0,2011-04-12,241
17282.0,2011-08-01,130
17291.0,2011-02-04,308
17298.0,2011-08-30,101
17303.0,2010-12-13,361
17309.0,2011-09-05,95
17312.0,2011-07-24,138
17320.0,2011-08-31,100
17325.0,2011-03-04,280
17331.0,2011-08-08,123
17334.0,2011-02-10,302
17337.0,2011-07-11,151
17339.0,2011-09-06,94
17341.0,2011-07-06,156
17343.0,2010-12-19,355
17349.0,2011-06-13,179
17353.0,2011-08-02,129
17356.0,2011-02-01,311
17358.0,2011-02-09,303
17362.0,2011-04-14,239
17367.0,2011-04-15,238
17374.0,2011-05-05,218
17375.0,2011-05-24,199
17391.0,2011-06-29,163
17392.0,2011-02-06,306
17394.0,2011-05-04,219
17398.0,2011-08-17,114
17400.0,2011-08-05,126
17406.0,2011-01-10,333
17408.0,2011-06-29,163
17409.0,2011-06-08,184
17429.0,2011-08-03,128
17431.0,2011-01-30,313
17438.0,2011-03-31,253
17440.0,2011-07-06,156
17443.0,2011-05-04,219
17444.0,2011-07-15,147
17446.0,2011-06-16,176
17454.0,2011-05-31,192
17455.0,2011-05-20,203
17456.0,2010-12-09,365
17457.0,2011-08-05,126
17460.0,2011-09-06,94
17464.0,2011-07-04,158
17472.0,2011-06-01,191
17486.0,2011-03-23,261
17492.0,2011-04-05,248
17496.0,2010-12-16,358
17499.0,2011-02-23,289
17501.0,2011-05-03,220
17504.0,2011-05-17,206
17505.0,2011-07-01,161
17507.0,2011-03-23,261
17508.0,2011-03-04,280
17514.0,2011-08-03,128
17517.0,2011-02-04,308
17524.0,2010-12-13,361
17525.0,2010-12-15,359
17531.0,2011-06-02,190
17535.0,2011-03-04,280
17536.0,2011-06-15,177
17542.0,2011-03-15,269
17548.0,2011-04-20,233
17550.0,2011-05-26,197
17551.0,2010-12-15,359
17553.0,2011-08-02,129
17556.0,2011-05-18,205
17560.0,2011-09-06,94
17569.0,2011-01-11,332
17574.0,2011-04-11,242
17578.0,2011-05-05,218
17580.0,2011-04-01,252
17582.0,2011-04-17,236
17585.0,2011-08-22,109
17588.0,2011-08-31,100
17597.0,2011-05-10,213
17601.0,2011-04-14,239
17604.0,2011-05-06,217
17615.0,2011-08-01,130
17616.0,2011-06-19,173
17619.0,2011-01-31,312
17630.0,2011-06-23,169
17639.0,2011-03-08,276
17642.0,2011-08-12,119
17643.0,2010-12-01,373
17646.0,2011-05-04,219
17649.0,2011-07-24,138
17654.0,2011-03-07,277
17660.0,2011-07-21,141
17670.0,2011-04-26,227
17678.0,2011-03-21,263
17691.0,2010-12-16,358
17692.0,2011-08-04,127
17693.0,2011-07-25,137
17694.0,2011-07-21,141
17695.0,2011-07-31,131
17697.0,2011-04-17,236
17698.0,2011-03-24,260
17701.0,2011-04-01,252
17704.0,2011-06-24,168
17707.0,2011-06-07,185
17708.0,2011-06-05,187
17709.0,2011-06-23,169
17714.0,2011-01-23,320
17715.0,2011-05-23,200
17718.0,2011-04-21,232
17722.0,2011-09-04,96
17723.0,2011-08-04,127
17732.0,2010-12-02,372
17742.0,2011-08-18,113
17746.0,2011-04-13,240
17747.0,2011-08-19,112
17749.0,2011-06-14,178
17752.0,2010-12-15,359
17763.0,2011-03-21,263
17765.0,2011-07-04,158
17770.0,2011-05-25,198
17774.0,2011-09-04,96
17775.0,2011-03-30,254
17781.0,2011-07-03,159
17787.0,2011-07-10,152
17789.0,2011-03-03,281
17795.0,2011-06-13,179
17829.0,2011-02-14,298
17843.0,2011-02-09,303
17844.0,2011-08-25,106
17849.0,2011-05-05,218
17850.0,2010-12-02,372
17854.0,2011-06-07,185
17855.0,2010-12-02,372
17859.0,2011-02-08,304
17860.0,2010-12-06,368
17862.0,2011-01-20,323
17866.0,2011-07-20,142
17869.0,2011-08-24,107
17871.0,2011-05-19,204
17874.0,2011-06-07,185
17877.0,2011-06-22,170
17879.0,2011-06-19,173
17880.0,2010-12-10,364
17881.0,2011-02-08,304
17887.0,2011-08-02,129
17889.0,2011-05-11,212
17890.0,2011-01-21,322
17891.0,2011-06-30,162
17893.0,2011-04-28,225
17897.0,2011-06-20,172
17899.0,2011-07-03,159
17900.0,2011-06-02,190
17906.0,2011-04-06,247
17908.0,2010-12-01,373
17912.0,2011-02-02,310
17923.0,2011-03-02,282
17925.0,2010-12-02,372
17926.0,2011-07-29,133
17931.0,2011-07-28,134
17935.0,2011-07-24,138
17939.0,2011-07-03,159
17941.0,2011-08-01,130
17946.0,2011-04-20,233
17948.0,2011-07-15,147
17955.0,2011-05-25,198
17956.0,2011-04-04,249
17958.0,2011-08-15,116
17960.0,2011-06-21,171
17962.0,2011-07-20,142
17967.0,2010-12-03,371
17968.0,2010-12-01,373
17969.0,2011-06-26,166
17970.0,2011-05-12,211
17972.0,2011-04-12,241
17976.0,2010-12-02,372
17978.0,2010-12-09,365
17980.0,2011-06-27,165
17984.0,2011-07-17,145
17987.0,2011-06-07,185
17990.0,2011-04-17,236
17991.0,2011-04-28,225
17994.0,2011-08-10,121
17995.0,2011-03-03,281
18004.0,2010-12-12,362
18009.0,2011-04-18,235
18010.0,2011-03-28,256
18011.0,2010-12-01,373
18013.0,2011-07-07,155
18018.0,2011-08-23,108
18024.0,2011-07-10,152
18027.0,2011-09-02,98
18032.0,2011-01-09,334
18037.0,2011-07-08,154
18048.0,2011-05-20,203
18050.0,2010-12-15,359
18056.0,2011-02-24,288
18062.0,2011-06-19,173
18064.0,2011-07-29,133
18068.0,2011-02-23,289
18071.0,2011-03-27,257
18072.0,2011-06-07,185
18073.0,2011-08-17,114
18074.0,2010-12-01,373
18078.0,2011-05-06,217
18085.0,2011-01-13,330
18086.0,2011-03-10,274
18087.0,2011-09-02,98
18093.0,2011-09-07,93
18095.0,2011-01-31,312
18099.0,2011-08-04,127
18106.0,2011-01-14,329
18108.0,2011-03-30,254
18113.0,2010-12-06,368
18114.0,2011-02-22,290
18119.0,2010-12-07,367
18120.0,2011-05-09,214
18121.0,2011-07-13,149
18129.0,2011-04-10,243
18133.0,2011-05-11,212
18138.0,2011-02-17,295
18142.0,2011-07-05,157
18143.0,2011-08-15,116
18146.0,2011-07-22,140
18151.0,2011-07-28,134
18159.0,2011-02-11,301
18165.0,2011-06-15,177
18168.0,2011-06-16,176
18176.0,2010-12-16,358
18178.0,2011-08-03,128
18183.0,2011-04-26,227
18185.0,2011-04-04,249
18190.0,2011-05-31,192
18191.0,2011-03-23,261
18193.0,2011-06-27,165
18196.0,2011-09-05,95
18200.0,2011-08-25,106
18202.0,2011-05-24,199
18203.0,2011-07-05,157
18212.0,2011-01-17,326
18213.0,2011-04-17,236
18218.0,2011-05-12,211
18220.0,2011-04-27,226
18222.0,2011-09-08,92
18224.0,2011-03-21,263
18227.0,2011-05-06,217
18231.0,2011-05-31,192
18233.0,2011-01-18,325
18239.0,2011-05-05,218
18248.0,2011-08-09,122
18250.0,2011-02-02,310
18260.0,2011-06-20,172
18262.0,2011-07-22,140
18268.0,2011-07-28,134
18269.0,2010-12-08,366
18280.0,2011-03-07,277
18281.0,2011-06-12,180
